file_name,prompt,response
0.png,move to the red ball,action: 10.48 -6.33
1.png,move to the red ball,action: 8.64 -13.36
2.png,move to the red ball,action: 15.47 10.36
3.png,move to the red ball,action: 8.78 14.94
4.png,move to the red ball,action: 13.35 14.84
5.png,move to the red ball,action: 10.49 -14.97
6.png,move to the red ball,action: 12.44 -5.39
7.png,move to the red ball,action: 6.58 -3.05
8.png,move to the red ball,action: 10.62 -12.69
9.png,move to the red ball,action: 9.71 14.31
10.png,move to the red ball,action: 10.71 7.00
11.png,move to the red ball,action: 13.55 -10.63
12.png,move to the red ball,action: 9.28 -14.04
13.png,move to the red ball,action: 9.20 -3.24
14.png,move to the red ball,action: 11.11 9.00
15.png,move to the red ball,action: 7.46 -7.88
16.png,move to the red ball,action: 9.30 -8.86
17.png,move to the red ball,action: 11.80 4.96
18.png,move to the red ball,action: 14.30 -15.35
19.png,move to the red ball,action: 10.47 -6.28
20.png,move to the red ball,action: 9.94 1.42
21.png,move to the red ball,action: 9.19 1.42
22.png,move to the red ball,action: 6.93 8.73
23.png,move to the red ball,action: 9.23 0.95
24.png,move to the red ball,action: 10.18 -7.80
25.png,move to the red ball,action: 16.03 -16.89
26.png,move to the red ball,action: 15.48 -8.05
27.png,move to the red ball,action: 11.78 1.89
28.png,move to the red ball,action: 9.48 13.16
29.png,move to the red ball,action: 13.88 -13.20
30.png,move to the red ball,action: 15.40 11.20
31.png,move to the red ball,action: 7.50 5.67
32.png,move to the red ball,action: 10.19 -4.44
33.png,move to the red ball,action: 6.74 -1.22
34.png,move to the red ball,action: 12.78 6.75
35.png,move to the red ball,action: 11.82 12.30
36.png,move to the red ball,action: 10.26 9.74
37.png,move to the red ball,action: 7.42 -0.46
38.png,move to the red ball,action: 6.07 -14.81
39.png,move to the red ball,action: 8.69 -11.79
40.png,move to the red ball,action: 5.94 13.37
41.png,move to the red ball,action: 6.23 -13.94
42.png,move to the red ball,action: 9.06 -10.20
43.png,move to the red ball,action: 7.33 15.06
44.png,move to the red ball,action: 7.57 6.03
45.png,move to the red ball,action: 12.24 -10.65
46.png,move to the red ball,action: 8.04 -15.27
47.png,move to the red ball,action: 7.56 14.15
48.png,move to the red ball,action: 6.49 -2.85
49.png,move to the red ball,action: 7.52 1.87
50.png,move to the red ball,action: 12.82 -2.70
51.png,move to the red ball,action: 12.14 7.37
52.png,move to the red ball,action: 8.37 -15.82
53.png,move to the red ball,action: 6.50 -0.06
54.png,move to the red ball,action: 7.45 13.72
55.png,move to the red ball,action: 12.53 7.00
56.png,move to the red ball,action: 14.33 0.31
57.png,move to the red ball,action: 12.43 -14.14
58.png,move to the red ball,action: 13.91 -6.00
59.png,move to the red ball,action: 14.38 5.88
60.png,move to the red ball,action: 10.87 6.16
61.png,move to the red ball,action: 7.38 14.89
62.png,move to the red ball,action: 13.24 13.78
63.png,move to the red ball,action: 11.42 8.64
64.png,move to the red ball,action: 15.70 12.79
65.png,move to the red ball,action: 15.66 -13.59
66.png,move to the red ball,action: 12.82 6.19
67.png,move to the red ball,action: 7.35 -2.99
68.png,move to the red ball,action: 13.82 8.63
69.png,move to the red ball,action: 12.30 -4.00
70.png,move to the red ball,action: 10.91 3.46
71.png,move to the red ball,action: 8.79 -4.66
72.png,move to the red ball,action: 7.10 9.32
73.png,move to the red ball,action: 7.31 -1.22
74.png,move to the red ball,action: 7.87 -3.75
75.png,move to the red ball,action: 15.01 -3.71
76.png,move to the red ball,action: 8.46 -12.47
77.png,move to the red ball,action: 8.23 4.98
78.png,move to the red ball,action: 14.14 15.99
79.png,move to the red ball,action: 7.79 6.31
80.png,move to the red ball,action: 14.53 -3.84
81.png,move to the red ball,action: 9.89 -2.76
82.png,move to the red ball,action: 15.55 -5.61
83.png,move to the red ball,action: 14.84 1.16
84.png,move to the red ball,action: 10.18 1.33
85.png,move to the red ball,action: 7.15 10.00
86.png,move to the red ball,action: 7.43 -13.86
87.png,move to the red ball,action: 6.83 -10.82
88.png,move to the red ball,action: 8.70 -4.34
89.png,move to the red ball,action: 14.26 -3.57
90.png,move to the red ball,action: 8.71 -6.32
91.png,move to the red ball,action: 15.50 -0.26
92.png,move to the red ball,action: 15.56 11.86
93.png,move to the red ball,action: 13.73 -11.37
94.png,move to the red ball,action: 6.87 -12.89
95.png,move to the red ball,action: 10.96 1.95
96.png,move to the red ball,action: 15.74 7.97
97.png,move to the red ball,action: 11.92 8.93
98.png,move to the red ball,action: 13.66 -10.77
99.png,move to the red ball,action: 10.96 7.02
100.png,move to the red ball,action: 11.00 -8.36
101.png,move to the red ball,action: 14.11 -17.08
102.png,move to the red ball,action: 10.18 -2.97
103.png,move to the red ball,action: 10.58 -9.14
104.png,move to the red ball,action: 8.77 16.11
105.png,move to the red ball,action: 15.65 -11.88
106.png,move to the red ball,action: 9.83 4.48
107.png,move to the red ball,action: 12.58 -7.51
108.png,move to the red ball,action: 12.79 -7.89
109.png,move to the red ball,action: 11.53 -11.50
110.png,move to the red ball,action: 7.33 -3.39
111.png,move to the red ball,action: 6.07 4.92
112.png,move to the red ball,action: 9.04 12.11
113.png,move to the red ball,action: 12.87 6.23
114.png,move to the red ball,action: 12.16 -1.60
115.png,move to the red ball,action: 6.30 7.37
116.png,move to the red ball,action: 8.23 10.07
117.png,move to the red ball,action: 13.54 8.90
118.png,move to the red ball,action: 15.29 -5.91
119.png,move to the red ball,action: 10.14 -2.97
120.png,move to the red ball,action: 7.16 5.00
121.png,move to the red ball,action: 12.78 15.92
122.png,move to the red ball,action: 11.45 12.31
123.png,move to the red ball,action: 9.53 14.49
124.png,move to the red ball,action: 11.66 -7.26
125.png,move to the red ball,action: 12.06 16.18
126.png,move to the red ball,action: 15.87 15.66
127.png,move to the red ball,action: 8.56 -7.29
128.png,move to the red ball,action: 11.66 -16.26
129.png,move to the red ball,action: 12.78 -3.83
130.png,move to the red ball,action: 13.52 7.08
131.png,move to the red ball,action: 6.63 12.30
132.png,move to the red ball,action: 8.16 11.18
133.png,move to the red ball,action: 14.67 14.20
134.png,move to the red ball,action: 13.40 15.74
135.png,move to the red ball,action: 8.10 12.68
136.png,move to the red ball,action: 10.88 -5.71
137.png,move to the red ball,action: 9.49 -12.11
138.png,move to the red ball,action: 13.04 11.82
139.png,move to the red ball,action: 13.93 -5.85
140.png,move to the red ball,action: 10.54 -14.66
141.png,move to the red ball,action: 9.07 -10.42
142.png,move to the red ball,action: 10.98 -9.23
143.png,move to the red ball,action: 13.82 -6.37
144.png,move to the red ball,action: 15.92 10.61
145.png,move to the red ball,action: 8.70 0.00
146.png,move to the red ball,action: 6.54 -12.44
147.png,move to the red ball,action: 12.23 -8.00
148.png,move to the red ball,action: 12.28 -5.24
149.png,move to the red ball,action: 7.11 6.72
150.png,move to the red ball,action: 12.28 7.57
151.png,move to the red ball,action: 6.55 -12.57
152.png,move to the red ball,action: 9.69 0.73
153.png,move to the red ball,action: 10.45 -4.33
154.png,move to the red ball,action: 10.07 -14.46
155.png,move to the red ball,action: 7.24 3.63
156.png,move to the red ball,action: 16.19 -14.86
157.png,move to the red ball,action: 9.85 0.14
158.png,move to the red ball,action: 7.89 -8.28
159.png,move to the red ball,action: 13.94 -1.44
160.png,move to the red ball,action: 12.99 9.96
161.png,move to the red ball,action: 12.41 -11.28
162.png,move to the red ball,action: 8.07 -15.94
163.png,move to the red ball,action: 11.01 6.99
164.png,move to the red ball,action: 14.89 -5.13
165.png,move to the red ball,action: 10.40 -0.09
166.png,move to the red ball,action: 14.74 -0.28
167.png,move to the red ball,action: 11.65 2.13
168.png,move to the red ball,action: 10.01 5.94
169.png,move to the red ball,action: 9.21 13.52
170.png,move to the red ball,action: 14.56 -12.92
171.png,move to the red ball,action: 13.36 12.35
172.png,move to the red ball,action: 12.19 -12.62
173.png,move to the red ball,action: 9.54 10.46
174.png,move to the red ball,action: 12.60 -2.34
175.png,move to the red ball,action: 8.65 -6.47
176.png,move to the red ball,action: 8.11 -4.78
177.png,move to the red ball,action: 11.02 10.24
178.png,move to the red ball,action: 15.59 -7.45
179.png,move to the red ball,action: 15.07 3.58
180.png,move to the red ball,action: 15.17 -10.24
181.png,move to the red ball,action: 12.46 0.91
182.png,move to the red ball,action: 5.82 11.56
183.png,move to the red ball,action: 13.09 6.61
184.png,move to the red ball,action: 9.45 -10.59
185.png,move to the red ball,action: 8.30 -13.15
186.png,move to the red ball,action: 6.19 4.27
187.png,move to the red ball,action: 15.36 17.20
188.png,move to the red ball,action: 9.91 -16.58
189.png,move to the red ball,action: 6.29 8.93
190.png,move to the red ball,action: 11.97 -15.21
191.png,move to the red ball,action: 10.81 4.00
192.png,move to the red ball,action: 15.81 12.74
193.png,move to the red ball,action: 11.00 -14.61
194.png,move to the red ball,action: 12.76 8.34
195.png,move to the red ball,action: 10.61 -9.62
196.png,move to the red ball,action: 13.81 6.65
197.png,move to the red ball,action: 12.77 -0.05
198.png,move to the red ball,action: 9.15 -6.28
199.png,move to the red ball,action: 11.85 -1.07
200.png,move to the red ball,action: 7.33 -14.45
201.png,move to the red ball,action: 13.16 -7.73
202.png,move to the red ball,action: 15.59 16.19
203.png,move to the red ball,action: 11.67 11.21
204.png,move to the red ball,action: 9.22 11.77
205.png,move to the red ball,action: 11.81 -9.36
206.png,move to the red ball,action: 5.84 9.93
207.png,move to the red ball,action: 15.93 12.97
208.png,move to the red ball,action: 11.70 -0.91
209.png,move to the red ball,action: 14.33 -2.24
210.png,move to the red ball,action: 12.87 9.37
211.png,move to the red ball,action: 15.57 0.90
212.png,move to the red ball,action: 12.46 -9.40
213.png,move to the red ball,action: 12.19 -10.71
214.png,move to the red ball,action: 10.20 -11.04
215.png,move to the red ball,action: 7.52 6.74
216.png,move to the red ball,action: 15.70 -2.51
217.png,move to the red ball,action: 9.37 -8.10
218.png,move to the red ball,action: 8.69 -0.80
219.png,move to the red ball,action: 11.73 10.01
220.png,move to the red ball,action: 12.06 0.64
221.png,move to the red ball,action: 8.97 1.46
222.png,move to the red ball,action: 14.78 -0.20
223.png,move to the red ball,action: 5.83 9.23
224.png,move to the red ball,action: 7.40 -8.28
225.png,move to the red ball,action: 10.10 -2.60
226.png,move to the red ball,action: 10.53 -9.71
227.png,move to the red ball,action: 9.63 2.74
228.png,move to the red ball,action: 14.17 14.00
229.png,move to the red ball,action: 6.37 -6.18
230.png,move to the red ball,action: 9.75 -3.14
231.png,move to the red ball,action: 13.42 -1.91
232.png,move to the red ball,action: 12.73 -16.23
233.png,move to the red ball,action: 6.60 -3.01
234.png,move to the red ball,action: 6.07 -14.67
235.png,move to the red ball,action: 15.27 -10.35
236.png,move to the red ball,action: 8.11 -8.48
237.png,move to the red ball,action: 15.55 -14.48
238.png,move to the red ball,action: 5.85 7.77
239.png,move to the red ball,action: 12.57 14.73
240.png,move to the red ball,action: 10.22 -6.94
241.png,move to the red ball,action: 12.94 -5.55
242.png,move to the red ball,action: 6.12 -7.53
243.png,move to the red ball,action: 11.57 -11.91
244.png,move to the red ball,action: 13.84 12.82
245.png,move to the red ball,action: 13.50 14.49
246.png,move to the red ball,action: 8.22 2.68
247.png,move to the red ball,action: 14.05 7.14
248.png,move to the red ball,action: 13.39 -2.71
249.png,move to the red ball,action: 14.88 13.16
250.png,move to the red ball,action: 8.06 -6.45
251.png,move to the red ball,action: 12.91 -0.18
252.png,move to the red ball,action: 12.40 -3.07
253.png,move to the red ball,action: 14.73 16.33
254.png,move to the red ball,action: 13.11 10.20
255.png,move to the red ball,action: 10.30 -3.55
256.png,move to the red ball,action: 8.89 3.71
257.png,move to the red ball,action: 13.24 -2.40
258.png,move to the red ball,action: 13.92 11.70
259.png,move to the red ball,action: 11.13 -9.28
260.png,move to the red ball,action: 9.53 11.57
261.png,move to the red ball,action: 7.46 13.22
262.png,move to the red ball,action: 12.01 -2.30
263.png,move to the red ball,action: 13.72 -5.34
264.png,move to the red ball,action: 6.23 -9.01
265.png,move to the red ball,action: 11.19 4.36
266.png,move to the red ball,action: 11.00 -1.99
267.png,move to the red ball,action: 9.94 -8.32
268.png,move to the red ball,action: 13.99 -12.25
269.png,move to the red ball,action: 11.87 -6.36
270.png,move to the red ball,action: 11.58 13.75
271.png,move to the red ball,action: 7.18 13.11
272.png,move to the red ball,action: 8.02 11.43
273.png,move to the red ball,action: 8.23 15.88
274.png,move to the red ball,action: 14.62 -12.31
275.png,move to the red ball,action: 11.78 -1.96
276.png,move to the red ball,action: 8.28 -0.43
277.png,move to the red ball,action: 9.94 0.75
278.png,move to the red ball,action: 9.00 11.05
279.png,move to the red ball,action: 5.74 6.66
280.png,move to the red ball,action: 8.95 1.02
281.png,move to the red ball,action: 9.32 -8.40
282.png,move to the red ball,action: 11.18 2.86
283.png,move to the red ball,action: 12.88 -4.79
284.png,move to the red ball,action: 15.28 -4.09
285.png,move to the red ball,action: 15.19 -13.65
286.png,move to the red ball,action: 5.83 0.80
287.png,move to the red ball,action: 14.47 -7.23
288.png,move to the red ball,action: 9.11 -6.47
289.png,move to the red ball,action: 12.43 13.83
290.png,move to the red ball,action: 8.25 13.31
291.png,move to the red ball,action: 12.61 -16.19
292.png,move to the red ball,action: 13.56 4.49
293.png,move to the red ball,action: 11.38 16.85
294.png,move to the red ball,action: 8.39 12.56
295.png,move to the red ball,action: 11.06 -14.76
296.png,move to the red ball,action: 15.27 -8.84
297.png,move to the red ball,action: 9.70 7.59
298.png,move to the red ball,action: 8.77 15.65
299.png,move to the red ball,action: 13.50 -5.92
300.png,move to the red ball,action: 5.99 2.97
301.png,move to the red ball,action: 11.36 13.82
302.png,move to the red ball,action: 15.81 9.04
303.png,move to the red ball,action: 8.57 -11.44
304.png,move to the red ball,action: 10.96 2.03
305.png,move to the red ball,action: 11.21 14.95
306.png,move to the red ball,action: 7.68 -8.97
307.png,move to the red ball,action: 14.09 -15.38
308.png,move to the red ball,action: 12.48 11.97
309.png,move to the red ball,action: 9.91 3.72
310.png,move to the red ball,action: 13.04 11.57
311.png,move to the red ball,action: 10.38 9.16
312.png,move to the red ball,action: 6.32 2.69
313.png,move to the red ball,action: 14.73 -7.05
314.png,move to the red ball,action: 12.50 8.73
315.png,move to the red ball,action: 9.53 10.32
316.png,move to the red ball,action: 8.09 -5.59
317.png,move to the red ball,action: 14.95 -5.44
318.png,move to the red ball,action: 11.78 -9.35
319.png,move to the red ball,action: 13.67 0.03
320.png,move to the red ball,action: 8.96 14.99
321.png,move to the red ball,action: 6.63 10.99
322.png,move to the red ball,action: 9.24 3.69
323.png,move to the red ball,action: 14.23 -7.78
324.png,move to the red ball,action: 10.48 -10.95
325.png,move to the red ball,action: 8.36 -15.99
326.png,move to the red ball,action: 12.29 -6.19
327.png,move to the red ball,action: 13.38 -14.95
328.png,move to the red ball,action: 6.14 -3.29
329.png,move to the red ball,action: 8.84 14.32
330.png,move to the red ball,action: 14.96 -16.49
331.png,move to the red ball,action: 9.15 -12.82
332.png,move to the red ball,action: 7.06 -15.12
333.png,move to the red ball,action: 9.10 2.77
334.png,move to the red ball,action: 9.43 10.99
335.png,move to the red ball,action: 11.27 -12.63
336.png,move to the red ball,action: 14.21 3.47
337.png,move to the red ball,action: 9.13 -3.17
338.png,move to the red ball,action: 15.49 -4.62
339.png,move to the red ball,action: 6.00 11.76
340.png,move to the red ball,action: 6.32 0.44
341.png,move to the red ball,action: 6.11 -5.90
342.png,move to the red ball,action: 7.82 1.06
343.png,move to the red ball,action: 6.50 13.73
344.png,move to the red ball,action: 13.10 2.45
345.png,move to the red ball,action: 8.77 -10.13
346.png,move to the red ball,action: 11.47 8.81
347.png,move to the red ball,action: 12.41 13.53
348.png,move to the red ball,action: 6.25 11.48
349.png,move to the red ball,action: 15.90 16.62
350.png,move to the red ball,action: 11.01 -5.14
351.png,move to the red ball,action: 10.83 -2.06
352.png,move to the red ball,action: 14.87 -9.36
353.png,move to the red ball,action: 15.33 0.23
354.png,move to the red ball,action: 11.20 9.90
355.png,move to the red ball,action: 10.96 15.29
356.png,move to the red ball,action: 12.12 -13.11
357.png,move to the red ball,action: 14.06 1.14
358.png,move to the red ball,action: 7.21 16.01
359.png,move to the red ball,action: 13.90 -11.21
360.png,move to the red ball,action: 15.49 -0.05
361.png,move to the red ball,action: 6.71 10.84
362.png,move to the red ball,action: 8.51 -16.48
363.png,move to the red ball,action: 6.19 -14.41
364.png,move to the red ball,action: 13.89 13.79
365.png,move to the red ball,action: 9.51 -6.56
366.png,move to the red ball,action: 10.50 -0.22
367.png,move to the red ball,action: 7.43 -0.30
368.png,move to the red ball,action: 7.12 10.30
369.png,move to the red ball,action: 6.57 3.47
370.png,move to the red ball,action: 13.92 -13.55
371.png,move to the red ball,action: 5.78 -10.10
372.png,move to the red ball,action: 7.45 4.73
373.png,move to the red ball,action: 8.10 14.32
374.png,move to the red ball,action: 15.92 -10.46
375.png,move to the red ball,action: 6.57 6.22
376.png,move to the red ball,action: 12.23 16.62
377.png,move to the red ball,action: 11.06 14.93
378.png,move to the red ball,action: 5.97 3.57
379.png,move to the red ball,action: 9.79 15.16
380.png,move to the red ball,action: 13.85 -14.70
381.png,move to the red ball,action: 15.63 -14.07
382.png,move to the red ball,action: 6.76 -15.54
383.png,move to the red ball,action: 14.68 -6.27
384.png,move to the red ball,action: 10.00 -10.49
385.png,move to the red ball,action: 5.86 1.15
386.png,move to the red ball,action: 14.34 2.19
387.png,move to the red ball,action: 7.47 5.83
388.png,move to the red ball,action: 12.86 7.34
389.png,move to the red ball,action: 9.96 2.15
390.png,move to the red ball,action: 14.41 -16.91
391.png,move to the red ball,action: 6.46 7.05
392.png,move to the red ball,action: 6.16 -4.55
393.png,move to the red ball,action: 13.54 -9.83
394.png,move to the red ball,action: 10.95 -11.84
395.png,move to the red ball,action: 10.21 2.00
396.png,move to the red ball,action: 6.68 8.16
397.png,move to the red ball,action: 9.56 6.73
398.png,move to the red ball,action: 8.56 -15.29
399.png,move to the red ball,action: 12.64 14.08
400.png,move to the red ball,action: 9.20 -8.72
401.png,move to the red ball,action: 7.17 -10.98
402.png,move to the red ball,action: 14.17 0.07
403.png,move to the red ball,action: 10.74 -4.73
404.png,move to the red ball,action: 10.23 7.74
405.png,move to the red ball,action: 7.95 2.56
406.png,move to the red ball,action: 6.25 -14.86
407.png,move to the red ball,action: 8.84 9.78
408.png,move to the red ball,action: 6.87 12.71
409.png,move to the red ball,action: 6.16 -9.04
410.png,move to the red ball,action: 14.87 10.86
411.png,move to the red ball,action: 15.43 -8.50
412.png,move to the red ball,action: 11.97 -5.59
413.png,move to the red ball,action: 9.61 -4.83
414.png,move to the red ball,action: 9.48 -7.66
415.png,move to the red ball,action: 14.53 1.02
416.png,move to the red ball,action: 10.57 -2.97
417.png,move to the red ball,action: 10.58 4.64
418.png,move to the red ball,action: 9.80 12.82
419.png,move to the red ball,action: 15.92 12.20
420.png,move to the red ball,action: 8.16 -7.29
421.png,move to the red ball,action: 11.96 -4.08
422.png,move to the red ball,action: 12.04 14.47
423.png,move to the red ball,action: 9.60 -15.98
424.png,move to the red ball,action: 9.26 -11.79
425.png,move to the red ball,action: 6.03 -11.97
426.png,move to the red ball,action: 14.87 -13.02
427.png,move to the red ball,action: 14.19 12.15
428.png,move to the red ball,action: 7.24 -10.86
429.png,move to the red ball,action: 13.99 -9.72
430.png,move to the red ball,action: 8.00 3.82
431.png,move to the red ball,action: 13.66 9.47
432.png,move to the red ball,action: 9.58 -8.15
433.png,move to the red ball,action: 5.85 -6.55
434.png,move to the red ball,action: 8.49 -4.91
435.png,move to the red ball,action: 12.60 6.07
436.png,move to the red ball,action: 14.00 0.23
437.png,move to the red ball,action: 11.03 11.50
438.png,move to the red ball,action: 8.19 11.53
439.png,move to the red ball,action: 8.44 -12.93
440.png,move to the red ball,action: 9.71 14.45
441.png,move to the red ball,action: 9.69 14.26
442.png,move to the red ball,action: 14.07 6.98
443.png,move to the red ball,action: 15.73 16.96
444.png,move to the red ball,action: 12.87 9.91
445.png,move to the red ball,action: 10.02 5.52
446.png,move to the red ball,action: 7.16 1.61
447.png,move to the red ball,action: 12.46 9.03
448.png,move to the red ball,action: 6.91 1.39
449.png,move to the red ball,action: 6.33 -4.50
450.png,move to the red ball,action: 8.58 13.38
451.png,move to the red ball,action: 11.33 8.61
452.png,move to the red ball,action: 7.39 -11.15
453.png,move to the red ball,action: 8.91 -4.47
454.png,move to the red ball,action: 12.17 6.63
455.png,move to the red ball,action: 12.49 -3.93
456.png,move to the red ball,action: 12.72 6.74
457.png,move to the red ball,action: 13.37 -16.29
458.png,move to the red ball,action: 15.56 16.83
459.png,move to the red ball,action: 12.01 -1.91
460.png,move to the red ball,action: 7.93 2.35
461.png,move to the red ball,action: 13.26 5.26
462.png,move to the red ball,action: 10.66 11.34
463.png,move to the red ball,action: 12.92 -15.40
464.png,move to the red ball,action: 12.64 -5.17
465.png,move to the red ball,action: 8.09 -14.70
466.png,move to the red ball,action: 14.30 -13.94
467.png,move to the red ball,action: 7.21 -7.02
468.png,move to the red ball,action: 14.19 -12.19
469.png,move to the red ball,action: 9.74 -6.95
470.png,move to the red ball,action: 12.29 -6.26
471.png,move to the red ball,action: 10.07 -7.83
472.png,move to the red ball,action: 10.05 16.45
473.png,move to the red ball,action: 7.24 2.05
474.png,move to the red ball,action: 14.18 -3.63
475.png,move to the red ball,action: 14.10 1.17
476.png,move to the red ball,action: 13.99 3.38
477.png,move to the red ball,action: 7.17 12.29
478.png,move to the red ball,action: 10.01 9.94
479.png,move to the red ball,action: 11.93 10.14
480.png,move to the red ball,action: 10.69 -2.98
481.png,move to the red ball,action: 15.80 7.80
482.png,move to the red ball,action: 12.64 2.66
483.png,move to the red ball,action: 10.34 -11.91
484.png,move to the red ball,action: 14.21 13.31
485.png,move to the red ball,action: 7.75 -3.34
486.png,move to the red ball,action: 9.30 7.39
487.png,move to the red ball,action: 10.15 -15.88
488.png,move to the red ball,action: 15.11 13.10
489.png,move to the red ball,action: 6.91 -4.67
490.png,move to the red ball,action: 9.33 -3.28
491.png,move to the red ball,action: 11.01 1.33
492.png,move to the red ball,action: 12.72 -8.33
493.png,move to the red ball,action: 12.38 -16.25
494.png,move to the red ball,action: 13.47 -2.07
495.png,move to the red ball,action: 7.87 5.58
496.png,move to the red ball,action: 13.60 -11.95
497.png,move to the red ball,action: 10.23 -14.26
498.png,move to the red ball,action: 14.39 -4.18
499.png,move to the red ball,action: 9.21 8.73
500.png,move to the red ball,action: 5.98 10.72
